{"cameraMode":{"drawMode":0,"name":"Shaded","section":"Shading Mode"},"sceneLighting":true,"audioPlay":false,"sceneViewState":{"m_AlwaysRefresh":false,"showFog":true,"showSkybox":true,"showFlares":true,"showImageEffects":true,"showParticleSystems":true,"showVisualEffectGraphs":true,"m_FxEnabled":true},"in2DMode":false,"pivot":{"x":168.0077362060547,"y":2.028390884399414,"z":185.643798828125},"rotation":{"x":0.3362175524234772,"y":0.0014128267066553236,"z":-0.0005032035987824202,"w":0.9417845010757446},"size":130.67857360839845,"orthographic":false}