{"cameraMode":{"drawMode":0,"name":"Shaded","section":"Shading Mode"},"sceneLighting":true,"audioPlay":false,"sceneViewState":{"m_AlwaysRefresh":false,"showFog":true,"showSkybox":true,"showFlares":true,"showImageEffects":true,"showParticleSystems":true,"showVisualEffectGraphs":true,"m_FxEnabled":true},"in2DMode":false,"pivot":{"x":374.7809143066406,"y":32.33979034423828,"z":151.49639892578126},"rotation":{"x":0.6090778708457947,"y":0.002379689598456025,"z":-0.0018273047171533108,"w":0.7931082844734192},"size":129.4689178466797,"orthographic":false}