{"cameraMode":{"drawMode":0,"name":"Shaded","section":"Shading Mode"},"sceneLighting":true,"audioPlay":false,"sceneViewState":{"m_AlwaysRefresh":false,"showFog":true,"showSkybox":false,"showFlares":true,"showImageEffects":true,"showParticleSystems":true,"showVisualEffectGraphs":true,"m_FxEnabled":true},"in2DMode":false,"pivot":{"x":52.93260192871094,"y":3.0477004051208498,"z":141.87330627441407},"rotation":{"x":-0.06499472260475159,"y":0.04339462146162987,"z":0.00282985158264637,"w":0.9969401359558106},"size":5.350546836853027,"orthographic":false}